[{"model": "todo_app.mainicon", "pk": 1, "fields": {"image": "mainicon/depositphotos_76338087-stock-illustration-camera-photography-icon.jpg"}}, {"model": "todo_app.menu", "pk": 3, "fields": {"title": "Explore", "url": "/explore"}}, {"model": "todo_app.main", "pk": 1, "fields": {"title": "Insta Tech", "description": "Insta Tech desc", "about": "About us", "image": "mainphoto/banner-posthires_Ly0pWAu.jpg"}}, {"model": "todo_app.portfolio", "pk": 1, "fields": {"name": "Portfolio", "title": "Portfolio Title", "description": "Portfolio Description"}}, {"model": "todo_app.portfoliophoto", "pk": 1, "fields": {"image": "portfoliophoto/update_800x350_4sQRBem.jpg"}}, {"model": "todo_app.portfoliophoto", "pk": 2, "fields": {"image": "portfoliophoto/PHOTO-2019-03-10-18-46-13.jpg"}}, {"model": "todo_app.portfoliophoto", "pk": 3, "fields": {"image": "portfoliophoto/d8d47af9059b6b3f12e47ea6014c966d.png"}}, {"model": "todo_app.features", "pk": 1, "fields": {"name": "Examplee", "title": "asdlakdm", "description": "dlkasmdklasmda"}}, {"model": "todo_app.features", "pk": 2, "fields": {"name": "Examplee", "title": "asdlakdm", "description": "dlkasmdklasmda"}}, {"model": "todo_app.featuresmain", "pk": 1, "fields": {"icon": "fa fa-search", "icontitle": "example", "icondescription": "example"}}, {"model": "todo_app.featuresmain", "pk": 2, "fields": {"icon": "fa fa-globe", "icontitle": "dkjnfdkjansjknf", "icondescription": "kjnsajkfkjasndf"}}, {"model": "todo_app.featuresmain", "pk": 3, "fields": {"icon": "fa fa-newspaper-o", "icontitle": "aksdnakjdn", "icondescription": "kjdnaskjndkjansd"}}, {"model": "todo_app.footer", "pk": 1, "fields": {"title": "ABOUT", "description": "TheShots is a powerful, responsive, and high-performance image listing template. It's based on Bootstrap and contains a lot of components to easily make an image listing website. This template comes with a simple yet beautiful design which focused on ease"}}, {"model": "todo_app.footerfields", "pk": 1, "fields": {"title": "Company"}}, {"model": "todo_app.footerfields", "pk": 2, "fields": {"title": "Support"}}, {"model": "todo_app.footermenu", "pk": 1, "fields": {"footer": 1, "fields": "About us", "url": "/about"}}, {"model": "todo_app.footermenu", "pk": 2, "fields": {"footer": 1, "fields": "Terms of use", "url": "#"}}, {"model": "todo_app.footermenu", "pk": 3, "fields": {"footer": 1, "fields": "Privacy policy", "url": "#"}}, {"model": "todo_app.footermenu", "pk": 4, "fields": {"footer": 1, "fields": "How its work", "url": "#"}}, {"model": "todo_app.footermenu", "pk": 5, "fields": {"footer": 2, "fields": "COntact", "url": "/contactus"}}, {"model": "todo_app.footermenu", "pk": 6, "fields": {"footer": 2, "fields": "Example", "url": "#"}}, {"model": "todo_app.footername", "pk": 1, "fields": {"title": "sldfnfjlsdnfjlnsdfCopyrights \u00a9 2016 All Rights Reserved by Guluzade."}}, {"model": "todo_app.footericon", "pk": 1, "fields": {"icon": "fa fa-facebook", "url": "https://www.facebook.com/"}}, {"model": "todo_app.footericon", "pk": 2, "fields": {"icon": "fa fa-twitter", "url": "https://www.twitter.com/"}}, {"model": "todo_app.footericon", "pk": 3, "fields": {"icon": "fa fa-instagram", "url": "https://www.instagram.com/"}}, {"model": "todo_app.aboutsite", "pk": 1, "fields": {"image": "aboutsitephoto/watchregistration.jpg"}}, {"model": "todo_app.post", "pk": 9, "fields": {"title": "kjnkjnjkjkn", "description": "skanfjkasfn", "user": 15, "image": "postphoto/watchregistration_OGuvlkb.jpg", "date": "2019-08-14T15:38:16.670Z", "like_count": 3, "view": [3, 15]}}, {"model": "todo_app.post", "pk": 10, "fields": {"title": "jsandkjandkj", "description": "sndkjanskjdnasjkdn", "user": 3, "image": "postphoto/about-img-1.jpg", "date": "2019-08-14T15:38:40.549Z", "like_count": 3, "view": [3, 6, 15]}}, {"model": "todo_app.post", "pk": 11, "fields": {"title": "jknsfkjnsdkjfn", "description": "jkfnjadknfjkas", "user": 6, "image": "postphoto/PHOTO-2019-03-10-18-46-13.jpg", "date": "2019-08-14T15:39:17.099Z", "like_count": 3, "view": [3, 15]}}, {"model": "todo_app.post", "pk": 12, "fields": {"title": "jkasnfkjanfjk", "description": "nfjkanksnfkajnf", "user": 15, "image": "postphoto/slider-home-02-samsung-phone_eV0DULr.png", "date": "2019-08-15T13:57:28.614Z", "like_count": 1, "view": [3]}}, {"model": "todo_app.post", "pk": 13, "fields": {"title": "jjkjkjk", "description": "jjj", "user": 15, "image": "postphoto/watchregistration_VeZZjkq.jpg", "date": "2019-08-15T13:57:39.044Z", "like_count": 1, "view": [15]}}, {"model": "todo_app.post", "pk": 14, "fields": {"title": "safnalfnl", "description": "knflanflkafn", "user": 15, "image": "postphoto/banner-posthires.jpg", "date": "2019-08-15T13:57:47.900Z", "like_count": 1, "view": [3, 6, 15]}}, {"model": "todo_app.post", "pk": 15, "fields": {"title": "jkasnfjkanf", "description": "kjnsfakjnfjaknf", "user": 15, "image": "postphoto/artistic-blossom-bright-207962.jpg", "date": "2019-08-15T13:58:00.339Z", "like_count": 1, "view": [3, 6, 13, 15]}}, {"model": "todo_app.post", "pk": 16, "fields": {"title": "asnfklasfklm", "description": "klfmaklmfklafkm", "user": 15, "image": "postphoto/pct_242241_OVy7j83.jpg", "date": "2019-08-15T14:41:00.372Z", "like_count": 1, "view": [3, 15]}}, {"model": "todo_app.post", "pk": 18, "fields": {"title": "asfasf", "description": "wfsfaf", "user": 15, "image": "postphoto/watchregistration_weoYDaM.jpg", "date": "2019-08-15T15:02:00.206Z", "like_count": 2, "view": [3, 6, 15]}}, {"model": "todo_app.post", "pk": 20, "fields": {"title": "Example", "description": "Here", "user": 3, "image": "postphoto/depositphotos_76338087-stock-illustration-camera-photography-icon.jpg", "date": "2019-08-23T16:10:45.962Z", "like_count": 1, "view": [3]}}, {"model": "todo_app.commentpost", "pk": 10, "fields": {"user": 3, "post": 9, "comment": "salam", "date": "2019-08-14T15:38:50.201Z"}}, {"model": "todo_app.commentpost", "pk": 11, "fields": {"user": 6, "post": 10, "comment": "salam1", "date": "2019-08-14T15:39:27.000Z"}}, {"model": "todo_app.commentpost", "pk": 12, "fields": {"user": 15, "post": 11, "comment": "saa", "date": "2019-08-14T15:42:12.394Z"}}, {"model": "todo_app.commentpost", "pk": 13, "fields": {"user": 15, "post": 9, "comment": "asfasf", "date": "2019-08-15T12:22:32.197Z"}}, {"model": "todo_app.commentpost", "pk": 15, "fields": {"user": 3, "post": 10, "comment": "ndflsandlfsad", "date": "2019-08-16T13:03:10.124Z"}}, {"model": "todo_app.commentpost", "pk": 17, "fields": {"user": 3, "post": 15, "comment": "asfasf", "date": "2019-08-19T11:33:05.661Z"}}, {"model": "todo_app.commentpost", "pk": 18, "fields": {"user": 3, "post": 18, "comment": "salam'", "date": "2019-08-20T12:43:40.854Z"}}, {"model": "todo_app.commentpost", "pk": 19, "fields": {"user": 6, "post": 18, "comment": "freddy", "date": "2019-08-20T15:07:33.052Z"}}, {"model": "todo_app.commentpost", "pk": 20, "fields": {"user": 6, "post": 18, "comment": "freddy", "date": "2019-08-20T15:07:33.795Z"}}, {"model": "todo_app.commentpost", "pk": 21, "fields": {"user": 3, "post": 18, "comment": "dcsdf", "date": "2019-08-21T15:22:03.667Z"}}, {"model": "todo_app.commentpost", "pk": 22, "fields": {"user": 3, "post": 18, "comment": "sdjlnflksdf", "date": "2019-09-02T12:02:23.271Z"}}, {"model": "todo_app.commentpost", "pk": 23, "fields": {"user": 3, "post": 18, "comment": "sakdjnasd", "date": "2019-09-09T16:06:35.743Z"}}, {"model": "todo_app.commentpost", "pk": 24, "fields": {"user": 3, "post": 18, "comment": "dasdadas", "date": "2019-09-09T16:06:38.749Z"}}, {"model": "todo_app.commentpost", "pk": 25, "fields": {"user": 3, "post": 18, "comment": "kjfklajsf", "date": "2019-09-09T16:06:40.025Z"}}, {"model": "todo_app.like", "pk": 232, "fields": {"user": 3, "post": 9, "status": 0, "created_time": "2019-08-14"}}, {"model": "todo_app.like", "pk": 245, "fields": {"user": 6, "post": 11, "status": 0, "created_time": "2019-08-14"}}, {"model": "todo_app.like", "pk": 246, "fields": {"user": 6, "post": 10, "status": 0, "created_time": "2019-08-14"}}, {"model": "todo_app.like", "pk": 247, "fields": {"user": 6, "post": 9, "status": 0, "created_time": "2019-08-14"}}, {"model": "todo_app.like", "pk": 251, "fields": {"user": 15, "post": 11, "status": 0, "created_time": "2019-08-14"}}, {"model": "todo_app.like", "pk": 257, "fields": {"user": 15, "post": 9, "status": 0, "created_time": "2019-08-14"}}, {"model": "todo_app.like", "pk": 262, "fields": {"user": 15, "post": 10, "status": 0, "created_time": "2019-08-15"}}, {"model": "todo_app.like", "pk": 263, "fields": {"user": 15, "post": 12, "status": 0, "created_time": "2019-08-15"}}, {"model": "todo_app.like", "pk": 268, "fields": {"user": 3, "post": 10, "status": 0, "created_time": "2019-08-16"}}, {"model": "todo_app.like", "pk": 269, "fields": {"user": 15, "post": 13, "status": 0, "created_time": "2019-08-16"}}, {"model": "todo_app.like", "pk": 270, "fields": {"user": 15, "post": 18, "status": 0, "created_time": "2019-08-16"}}, {"model": "todo_app.like", "pk": 271, "fields": {"user": 15, "post": 18, "status": 0, "created_time": "2019-08-16"}}, {"model": "todo_app.like", "pk": 285, "fields": {"user": 13, "post": 15, "status": 0, "created_time": "2019-08-23"}}, {"model": "todo_app.like", "pk": 286, "fields": {"user": 3, "post": 20, "status": 0, "created_time": "2019-08-31"}}, {"model": "todo_app.like", "pk": 287, "fields": {"user": 3, "post": 16, "status": 0, "created_time": "2019-08-31"}}, {"model": "todo_app.like", "pk": 288, "fields": {"user": 3, "post": 16, "status": 0, "created_time": "2019-08-31"}}, {"model": "todo_app.like", "pk": 289, "fields": {"user": 3, "post": 14, "status": 0, "created_time": "2019-09-01"}}, {"model": "todo_app.like", "pk": 290, "fields": {"user": 3, "post": 11, "status": 0, "created_time": "2019-09-01"}}, {"model": "todo_app.like", "pk": 291, "fields": {"user": 3, "post": 18, "status": 0, "created_time": "2019-09-02"}}, {"model": "todo_app.verification", "pk": 1, "fields": {"user": 9, "token": "nmUnjCXagr5fnaXhKCncZZovdIB6T4zFvS4LDRZ6nJUnRiAmPe7v6OmRk595LimNm5ygWQjQelZOk4oaLaw2wqniWSAYkUZKgjckiNdaSVXSQC93mq9SAFLl", "expire": false, "create_date": "2019-08-08"}}, {"model": "todo_app.verification", "pk": 3, "fields": {"user": 11, "token": "o6pkQs8ekUxN0wgCrPgiaMmuIRBumZTXyvoHFMk7rwmR1f87aTcI7ITdOZNVxof89C2BuNQ9DeXHkFfRSfIpkIPfFYTOPFJNFdaKL7pimO3SDzRBCAYNeB5g", "expire": false, "create_date": "2019-08-08"}}, {"model": "todo_app.verification", "pk": 5, "fields": {"user": 13, "token": "KuknkVymXAPecSoORoM2Gp9XVbbLzPkYBw9x1g27wBRS3nJ6FvKYL4sBmGRq2EzHZbe6L2q85duylci0K292LINspllLMGE5DzMY5ey2HGLxYzzBlDs2q6wt", "expire": true, "create_date": "2019-08-08"}}, {"model": "todo_app.verification", "pk": 6, "fields": {"user": 14, "token": "y0DyXuaYF8kJastLfUIlBxzptk5p1QkQQth4meHUK9AqS73h70X5HjsCGefatGenrX6KrJXh8x3ZzggJ4MfCbk44lP3c1SsUy4qaWCRxXC3xfrwGtkFOP4si", "expire": false, "create_date": "2019-08-08"}}, {"model": "todo_app.verification", "pk": 7, "fields": {"user": 15, "token": "o7Oe9a1W9U5GCaykh17VjkuqWqb7woz60jXEQM4mgNvHUGjQTUzaLpnOpU7P7O5Cc992yXA19EY5ouJ4ohQZNl5VoFxXKsRji8FrJQ6gkkPekygXmFHpRwhH", "expire": true, "create_date": "2019-08-14"}}, {"model": "todo_app.verification", "pk": 8, "fields": {"user": 16, "token": "HRS2FHmUCNNopmIv7faAYFBn3ZMOGUc6jbDWHLxoYs07XWmie9J0rtpexHVYHX2Ao1FxjYUFSP4mjMnaauLEhxTAM5DYQ7hnG3DdCKy3q5cVZQi3D70jcd4q", "expire": false, "create_date": "2019-08-21"}}, {"model": "todo_app.verification", "pk": 9, "fields": {"user": 13, "token": "yTGT35GbfKe8g6BVjfUV3h2QEWURnpqMfgmBARd7UcK8MlkcFHX6fU7UrSLKDASmzTvboMiIE6d0GpwaJLj0paiRMRvoPRtbZ6xhwtcWk541V4fbksCo4B5E", "expire": false, "create_date": "2019-08-23"}}, {"model": "todo_app.verification", "pk": 10, "fields": {"user": 13, "token": "odTa3ttcZQkUNLwJzVJy2HlizpXvic0qp3A7Atr2dJDDkxdbT2iZVRBVtTjTnVdfqKqInPDTkMYKH71qcCnxjdoNFEOeAIdqUHrNTibvKJwSg6d5TAjHcrtC", "expire": false, "create_date": "2019-08-23"}}, {"model": "todo_app.verification", "pk": 11, "fields": {"user": 13, "token": "TvbUkXpvLyCqNxpLP1zliWHbEq9QwuuEvNwczo9MRWdn7vq5YgOuPjUhcWNjEG78LsbExIMkCXQp8q4lVFaXV9THW8VFXWY6qtuHZExaIY6LLPyoOjteaPSp", "expire": true, "create_date": "2019-08-23"}}, {"model": "todo_app.verification", "pk": 12, "fields": {"user": 13, "token": "5RVMB88CEg6QMiZRpJyurgzbvos5J85Peh3sNV8kb3AKSpqgObodAGYWmKKpmwHN3Jj154U86N31MnkqljvxizESmENCdLLk13lwqxjWamBF76s3mqy70ivH", "expire": true, "create_date": "2019-09-02"}}, {"model": "todo_app.verification", "pk": 13, "fields": {"user": 13, "token": "YNFrtX714LP4cLtEolkZCJvTywBR4A7sEKiSNZhwQskMXXvKogJmhlFECNM7IyBYe6ioFOQMtxAUfxP8B9PRqOWFo0mwx0aIi2CeV72SFALb20PTC6H9bkm2", "expire": false, "create_date": "2019-09-02"}}, {"model": "todo_app.verification", "pk": 14, "fields": {"user": 13, "token": "YLgf7Vv5GdXU2VyqYH3aUOmyh9INqQMZVerBAHWeiqyQhRsaHFXzvaUEipZ95ADqMOccdnz7jmae6oj5dWLTYqfi8hVoMOuKPTet5lT4jREEg8aUPGpHzc8d", "expire": false, "create_date": "2019-09-02"}}, {"model": "todo_app.verification", "pk": 15, "fields": {"user": 13, "token": "zaJNlWBAVvux117dLx5jXByDoEy0mlygqs4MSMIW6tunf2MYP3y8dhDG7imAadjAMEteOC026mvxbCWWJ07Uqk7wnded2ypx3oM72D1ri5cboS7o5LcumbxY", "expire": false, "create_date": "2019-09-02"}}, {"model": "todo_app.verification", "pk": 16, "fields": {"user": 13, "token": "xVAoJ8hd0uWah8TIVnuTM8NeGiZaqbThlhm0lAzs4nlYHOztydk5myn8PwmJIz8BC86Cq7vUK7k39ml6VNqot5C5VJCzOOvrYwIeMOBbUOmZYM0davyDy1Vr", "expire": false, "create_date": "2019-09-02"}}, {"model": "todo_app.verification", "pk": 17, "fields": {"user": 13, "token": "lljoaaLVBc68dXrxu06s27crsUlbSps8WJOhGzk13A7GXZ9r2IlfZtY4LCMliSCIFxchP5DMYmcK9t0PaqqlJ1fr5YcdLtIndZ17NnqxBBdbnczdwSQWnkgd", "expire": false, "create_date": "2019-09-02"}}, {"model": "todo_app.verification", "pk": 18, "fields": {"user": 13, "token": "Poplq2SeXVd7vsChNFoyWMssOpkbxzxHU4QtsPFNRK92u6rrxv4mRZipg1n81wpKZXMqoflpwzGHfcKsf1ziFQca3KElLl0Q6zrgkCOdD1khpqt8xC7DS2tb", "expire": false, "create_date": "2019-09-02"}}, {"model": "todo_app.verification", "pk": 19, "fields": {"user": 13, "token": "rKJ2yQEP2yGMBWciUVpVK3dfVUSi75IiJhPpa7QU7WgXWYWNBhySgKX4kFTq8vry682G7lOudZmvGiYyszAxlpoVlJGYyIEv1k2XZSTMiDExZPmpC0L24nO0", "expire": false, "create_date": "2019-09-02"}}, {"model": "todo_app.verification", "pk": 20, "fields": {"user": 13, "token": "rmaLqkqN6o4hwTDOyfHfZ52be9uYdfjpN2iQ25zDwzdirS9QkBm08pdW6MGYvx2GljZl1o3reoWW7SFMuWvldGBc3k4Ciopbs0eZ8vW9e2PbG8RMNbTZTi0R", "expire": false, "create_date": "2019-09-02"}}, {"model": "todo_app.verification", "pk": 21, "fields": {"user": 13, "token": "840LngTJoUGB9zVizbCrbMELMftEw1nTiPifORcG00JVWoAVeGjrbHkPzSlpf3difI36UaMMy3I5r88BB25cFDJhXZwzR1nCbkJIiGW1BCYSsvbcgIJlIPaZ", "expire": false, "create_date": "2019-09-02"}}, {"model": "todo_app.verification", "pk": 22, "fields": {"user": 13, "token": "u61x59Xb6Z8Ew5QHZ6EtRReYLu6p1DW6QQIGFS6DFy9jXk4FWh1iVOGbulmxgyUcXNG8kuSmpUjkTlk99Xng32BWGB7z9QXWy4wAtmH0hWLZcDMet26IKbzy", "expire": false, "create_date": "2019-09-02"}}, {"model": "todo_app.verification", "pk": 23, "fields": {"user": 13, "token": "RgxsHWUK08CY6HiBVqw4MMHpehC7tw5mvhThNsigJ44ho0pGvT1ZxZ923fiBRv5x7qxU3ktaqVCn3rwvgXywjG9vdWJL4vbBhdeQ5IKjECVuU9B5pdcquMmi", "expire": false, "create_date": "2019-09-02"}}, {"model": "todo_app.verification", "pk": 26, "fields": {"user": 13, "token": "kVwfnXsuCEtwFBCscnRhGwTUFlsp8KplgZNYz6iMLg4ZwxUBWbmtuiQO50LV1JCwV818tUKjJsn4jf4AZ9VHos2uV1YVTyCXAPbHhJAuocSlIkhVlyx3PkCj", "expire": true, "create_date": "2019-09-02"}}, {"model": "todo_app.verification", "pk": 28, "fields": {"user": 20, "token": "84wTCbX32Lv0NKtRYgJZ6ID5nMqvcWqa5ORc5i3Zv0eidCXzJKGiRPQstAPixDoy2gS8ZUC4XNiETVLXKm3qtt0r9GV1B13Ns4q9yY7Bsy3I0y7pdFdumwaC", "expire": true, "create_date": "2019-09-02"}}, {"model": "todo_app.verification", "pk": 29, "fields": {"user": 20, "token": "HmShqfkHbF8wRL5Iv1CxjGbgXJhDi2lYT6qqwxHwRr1Lvubmromr9rqJ7j65tgwm0x29Zla2TrgVl3DIYzyuk1ZzPBSTyAg4O78EdSr3Ms7xHKOx3Kc6zJ0c", "expire": true, "create_date": "2019-09-02"}}, {"model": "todo_app.verification", "pk": 30, "fields": {"user": 21, "token": "ZvpfwjyyCfCk6am0sbretKFLM8AVvgk92C6hRiYMsJbRNdpr8djDlmexY7TjyN5IeIcnLRIftocbShE3ret0feQG7r5ZcjzMldgUCVKY0oPGBjtWNEIBszVa", "expire": false, "create_date": "2019-09-02"}}, {"model": "todo_app.verification", "pk": 31, "fields": {"user": 22, "token": "Hxa20LO4K1Dy0WBJyUJ5ZsQjNw7RPP4sM1COmuXnEAujj3z1joQUYIZXRxN49xMeZTPgdL4QGevJO0Nl7YXUeL5TPded4L1hYp05Sf4nfdtsEHSHQetdVSSz", "expire": false, "create_date": "2019-09-02"}}, {"model": "todo_app.socialsetting", "pk": 1, "fields": {"user": 15, "website": "https://www.google.com/", "facebook": null, "twitter": null}}, {"model": "todo_app.socialsetting", "pk": 2, "fields": {"user": 15, "website": "KJNIJNJN", "facebook": null, "twitter": null}}, {"model": "todo_app.socialsetting", "pk": 3, "fields": {"user": 15, "website": "https://www.google.com/", "facebook": "https://www.facebook.com/", "twitter": "https://www.twitter.com/"}}, {"model": "todo_app.profileicon", "pk": 1, "fields": {"icon": "fa-facebook-f", "url": "https://www.facebook.com/"}}, {"model": "todo_app.profileicon", "pk": 2, "fields": {"icon": "fa fa-twitter", "url": "#"}}, {"model": "todo_app.follow", "pk": 55, "fields": {"from_user": 14, "to_user": 3, "status": true}}, {"model": "todo_app.follow", "pk": 56, "fields": {"from_user": 13, "to_user": 3, "status": true}}, {"model": "todo_app.follow", "pk": 57, "fields": {"from_user": 11, "to_user": 3, "status": true}}, {"model": "todo_app.follow", "pk": 58, "fields": {"from_user": 9, "to_user": 3, "status": true}}, {"model": "todo_app.follow", "pk": 59, "fields": {"from_user": 8, "to_user": 3, "status": true}}, {"model": "todo_app.follow", "pk": 60, "fields": {"from_user": 7, "to_user": 3, "status": true}}, {"model": "todo_app.follow", "pk": 61, "fields": {"from_user": 5, "to_user": 3, "status": true}}, {"model": "todo_app.follow", "pk": 62, "fields": {"from_user": 4, "to_user": 3, "status": true}}, {"model": "todo_app.follow", "pk": 64, "fields": {"from_user": 15, "to_user": 3, "status": true}}, {"model": "todo_app.follow", "pk": 65, "fields": {"from_user": 3, "to_user": 11, "status": true}}, {"model": "todo_app.follow", "pk": 66, "fields": {"from_user": 3, "to_user": 9, "status": true}}, {"model": "todo_app.follow", "pk": 89, "fields": {"from_user": 6, "to_user": 3, "status": true}}, {"model": "todo_app.follow", "pk": 93, "fields": {"from_user": 6, "to_user": 11, "status": true}}, {"model": "todo_app.follow", "pk": 95, "fields": {"from_user": 6, "to_user": 9, "status": true}}, {"model": "todo_app.follow", "pk": 96, "fields": {"from_user": 6, "to_user": 8, "status": true}}, {"model": "todo_app.follow", "pk": 97, "fields": {"from_user": 6, "to_user": 7, "status": true}}, {"model": "todo_app.follow", "pk": 102, "fields": {"from_user": 6, "to_user": 6, "status": true}}, {"model": "todo_app.follow", "pk": 103, "fields": {"from_user": 6, "to_user": 15, "status": true}}, {"model": "todo_app.follow", "pk": 104, "fields": {"from_user": 15, "to_user": 14, "status": true}}, {"model": "todo_app.follow", "pk": 106, "fields": {"from_user": 3, "to_user": 14, "status": true}}, {"model": "todo_app.follow", "pk": 107, "fields": {"from_user": 3, "to_user": 8, "status": true}}, {"model": "todo_app.follow", "pk": 108, "fields": {"from_user": 3, "to_user": 7, "status": true}}, {"model": "todo_app.follow", "pk": 109, "fields": {"from_user": 3, "to_user": 4, "status": true}}, {"model": "todo_app.follow", "pk": 110, "fields": {"from_user": 3, "to_user": 5, "status": true}}, {"model": "todo_app.follow", "pk": 112, "fields": {"from_user": 3, "to_user": 6, "status": true}}, {"model": "todo_app.follow", "pk": 117, "fields": {"from_user": 3, "to_user": 15, "status": true}}, {"model": "todo_app.about", "pk": 1, "fields": {"title": "History", "name": "About Us", "description": "Keep reading this section to figure out how we got started.", "text": "The first days\r\nComputer technology revolutionized typography in the 20th century. Personal computers in the 1980s like the Macintosh allowed type designers to create types digitally using commercial graphic design software. Digital technology also enabled designers to create more experimental typefaces, alongside the practical fonts of traditional typography. Designs for typefaces could be created faster with the new technology, and for more specific functions. The cost for developing typefaces was drastically lowered, becoming widely available to the masses. The change has been called the \u201cdemocratization of type\u201d and has given new designers more opportunities to enter the field.\r\n\r\nPellentesque ullamcorper erat non malesuada dictum. Cras nec dui metus. Nam non consequat turpis. Aenean ut arcu porttitor, auctor nibh tempor, interdum quam. Etiam eu vehicula magna. Quisque ut egestas sem. Phasellus rutrum, nibh et efficitur condimentum, eros erat pellentesque est, ut malesuada nunc magna vel velit. In hac habitasse platea dictumst. Praesent volutpat dignissim tortor dignissim imperdiet. Cras accumsan vulputate dolor, nec condimentum nulla tincidunt eu.\r\n\r\nHow we resolve it?\r\nLorem ipsum dolor sit amet, consectetur adipiscing elit. Sed in tristique odio. Quisque nec sollicitudin est. Sed vel malesuada diam. Donec laoreet scelerisque imperdiet. Sed eleifend porta lorem a dictum. Sed lorem lorem, rhoncus eget posuere eget, bibendum ut odio. Nulla lacinia nunc et fermentum lobortis. Fusce scelerisque, lacus tincidunt pellentesque luctus, tellus risus consectetur dui, ut accumsan tellus leo vel mauris. Aenean id tortor lacus.\r\n\r\nWhat's our solution?\r\nQuisque lobortis accumsan tempus. Mauris pretium neque eu posuere molestie. Maecenas tincidunt eleifend egestas. Vestibulum tellus augue, laoreet sit amet quam nec, pulvinar luctus nisl. In consequat elit et aliquet posuere. Mauris porttitor est a ipsum vehicula, non porttitor quam tincidunt. Proin id orci tortor. Integer sit amet enim a nisi sagittis ultrices. Sed efficitur feugiat lobortis. In in lorem mauris. Ut placerat velit ut ligula placerat, eu accumsan sapien luctus. Vivamus in est sit amet felis dictum dapibus. Sed et eros sed massa porttitor volutpat vel at orci. Proin et lacus molestie, bibendum nisi eu, bibendum velit."}}, {"model": "todo_app.contactmenu", "pk": 1, "fields": {"title": "Contact us", "name": "Get In Touch", "description": "Find us on the map, write us a message or follow us in social networks"}}, {"model": "todo_app.contactus", "pk": 1, "fields": {"icon": "map-marker", "desc": "Baku,Gara Garayev"}}, {"model": "todo_app.contactus", "pk": 2, "fields": {"icon": "phone", "desc": "(+994)55-292-01-99"}}, {"model": "todo_app.contactus", "pk": 3, "fields": {"icon": "envelope", "desc": "quluzadef4@gmail.com"}}, {"model": "todo_app.contactform", "pk": 1, "fields": {"name": "asdasd", "email": "dasdasd@sad.ru", "message": "sdsadasdsa"}}]